have,0.000063,0.011187
cart,0.000164,0.000118
gave,0.000745,0.000518
fall,0.000215,0.000118
stress,0.000253,0.000259
rate,0.000290,0.000377
old,0.000720,0.000754
promis,0.000505,0.000330
bf,0.000152,0.000118
noth,0.001818,0.000447
bump,0.000429,0.000259
been,0.000063,0.002355
with,0.000063,0.010669
rsw,0.000164,0.000118
plain,0.000139,0.000118
intent,0.000177,0.000118
against,0.000139,0.000118
wo,0.000316,0.000259
celebr,0.000063,0.000283
headach,0.000139,0.000118
count,0.000833,0.000330
miser,0.000202,0.000118
jb,0.000139,0.000283
stay,0.000808,0.000495
g,0.000063,0.000259
fabul,0.000063,0.000283
half,0.000934,0.000118
attitud,0.000417,0.000118
pass,0.000947,0.001460
involv,0.000139,0.000118
transfer,0.000467,0.000259
beyond,0.000391,0.000471
dca,0.000972,0.000730
wanna,0.000164,0.000118
bank,0.000303,0.000118
bother,0.000379,0.000118
yes,0.001843,0.002379
stroller,0.000139,0.000118
constant,0.000177,0.000118
wtf,0.000556,0.000118
unhelp,0.000366,0.000118
polici,0.000795,0.000848
dragon,0.000063,0.000683
alright,0.000063,0.000283
someon,0.002475,0.001107
comment,0.000152,0.000283
round,0.000278,0.000400
dfwairport,0.000152,0.000353
badcustomerservic,0.000290,0.000118
diff,0.000253,0.000118
equip,0.000316,0.000118
assur,0.000177,0.000118
tpa,0.000139,0.000118
seat,0.004798,0.003297
cancel,0.000063,0.003344
desk,0.000808,0.000518
normal,0.000227,0.000118
past,0.000846,0.000400
mco,0.000341,0.000495
internet,0.000227,0.000118
airway,0.000606,0.001178
mind,0.000227,0.000424
support,0.000429,0.000471
found,0.000758,0.000707
shot,0.000227,0.000118
possibl,0.000606,0.001013
phlairport,0.000265,0.000118
irrit,0.000152,0.000118
power,0.000265,0.000330
fa,0.000139,0.000330
random,0.000139,0.000118
method,0.000063,0.000283
band,0.000063,0.000283
limit,0.000227,0.000118
dozen,0.000164,0.000118
after,0.004886,0.002049
refer,0.000177,0.000259
wonder,0.000379,0.001107
gone,0.000366,0.000118
checkin,0.000606,0.000518
intern,0.000480,0.000895
claim,0.001237,0.000565
newark,0.000404,0.000871
coupon,0.000152,0.000118
insan,0.000227,0.000118
check,0.003876,0.003179
customerservic,0.000417,0.000330
tmrw,0.000240,0.000283
within,0.000202,0.000118
mine,0.000290,0.000400
friday,0.000265,0.000471
hung,0.001111,0.000118
perhap,0.000177,0.000259
yet,0.001604,0.000777
an,0.000063,0.004899
loss,0.000152,0.000118
pleas,0.004091,0.005652
wth,0.000164,0.000118
fb,0.000139,0.000118
wu,0.000139,0.000118
photo,0.000063,0.000471
bathroom,0.000202,0.000118
took,0.000922,0.000659
lower,0.000164,0.000118
too,0.002083,0.001955
costum,0.000177,0.000118
divert,0.000189,0.000259
smh,0.000265,0.000118
feedback,0.000303,0.000306
clean,0.000354,0.000118
big,0.000543,0.000895
seek,0.000063,0.000259
jblu,0.000063,0.000400
airlin,0.004962,0.003910
toilet,0.000164,0.000118
condit,0.000189,0.000353
esp,0.000139,0.000118
fulli,0.000139,0.000118
basic,0.000227,0.000118
planet,0.000139,0.000118
swa,0.000417,0.000683
mileag,0.000303,0.000377
show,0.001199,0.001531
toddler,0.000139,0.000118
lost,0.002752,0.000683
she,0.001780,0.001861
ohar,0.000227,0.000118
bare,0.000139,0.000118
when,0.005960,0.004216
be,0.000063,0.009562
layov,0.000429,0.000306
here,0.002803,0.001743
overbook,0.000278,0.000118
sever,0.000505,0.000306
ual,0.000202,0.000118
deni,0.000303,0.000118
cant,0.006086,0.002332
advis,0.000278,0.000118
clear,0.000467,0.000471
friend,0.000947,0.001390
dream,0.000063,0.000330
acct,0.000177,0.000118
case,0.000505,0.000424
cover,0.000354,0.000283
avoid,0.000253,0.000118
whoever,0.000139,0.000118
xx,0.000063,0.000259
free,0.000947,0.001554
unreal,0.000202,0.000118
abc,0.000139,0.000118
face,0.000278,0.000118
usual,0.000366,0.000306
yup,0.000063,0.000283
activ,0.000139,0.000118
apart,0.000164,0.000118
yall,0.000505,0.001295
top,0.000366,0.000400
sight,0.000177,0.000118
handl,0.000745,0.000518
afternoon,0.000253,0.000447
match,0.000215,0.000330
singl,0.000303,0.000118
destin,0.000682,0.000636
everi,0.001199,0.000659
altern,0.000316,0.000118
funni,0.000240,0.000283
intl,0.000265,0.000306
oh,0.000631,0.000989
request,0.000720,0.000824
lt,0.000063,0.000518
gross,0.000152,0.000118
hard,0.000619,0.000471
repair,0.000177,0.000118
team,0.000808,0.001225
word,0.000492,0.000447
ber,0.000063,0.000259
present,0.000063,0.000283
convers,0.000177,0.000118
releas,0.000152,0.000118
certif,0.000139,0.000283
appropri,0.000139,0.000118
bring,0.000379,0.000966
kid,0.000783,0.000966
web,0.000303,0.000283
communic,0.000808,0.000118
further,0.000202,0.000118
said,0.001944,0.000754
proper,0.000240,0.000118
wet,0.000202,0.000118
daughter,0.000290,0.000495
until,0.001351,0.000400
thursday,0.000139,0.000283
catch,0.000290,0.000424
mayb,0.000732,0.000636
zero,0.000455,0.000118
industri,0.000139,0.000118
fals,0.000189,0.000118
merger,0.000316,0.000118
theyv,0.000063,0.000283
cnn,0.000164,0.000118
rebook,0.002967,0.000989
repeat,0.000240,0.000118
columbus,0.000139,0.000377
secur,0.000328,0.000353
at,0.000063,0.009185
whole,0.000505,0.000283
sister,0.000227,0.000283
yeah,0.000492,0.000353
tkt,0.000152,0.000118
person,0.001427,0.000707
rais,0.000063,0.000400
lovedragonss,0.000063,0.000353
true,0.000227,0.000495
repli,0.000619,0.001107
line,0.002449,0.000565
other,0.002273,0.001437
platinum,0.000455,0.000118
video,0.000227,0.000400
theyd,0.000139,0.000118
accommod,0.000417,0.000283
surpris,0.000303,0.000353
bin,0.000253,0.000118
was,0.000063,0.009491
such,0.000556,0.000518
area,0.000290,0.000400
him,0.000619,0.000612
sold,0.000189,0.000259
est,0.000164,0.000118
bos,0.000631,0.000754
disregard,0.000139,0.000118
option,0.001275,0.000707
life,0.000492,0.000612
polic,0.000189,0.000118
ewr,0.000808,0.000542
so,0.000063,0.008196
local,0.000152,0.000283
henc,0.000139,0.000118
b,0.000783,0.000848
fl,0.000278,0.000424
entir,0.000606,0.000259
children,0.000202,0.000283
wed,0.000328,0.000447
assum,0.000164,0.000118
fault,0.000480,0.000330
higher,0.000152,0.000118
whose,0.000202,0.000118
out,0.006098,0.005299
log,0.000278,0.000118
purchas,0.000505,0.000542
pull,0.000366,0.000118
opportun,0.000063,0.000306
suck,0.001351,0.000118
sound,0.000265,0.000377
lap,0.000139,0.000118
into,0.001376,0.001437
exhaust,0.000139,0.000118
wouldnt,0.000619,0.000353
specif,0.000177,0.000306
lack,0.000808,0.000118
page,0.000366,0.000259
bs,0.000354,0.000118
flown,0.000354,0.000447
revenu,0.000063,0.000259
locat,0.000518,0.000424
plan,0.000934,0.000824
c,0.000328,0.000659
luck,0.000341,0.000447
credit,0.001250,0.001083
incid,0.000189,0.000118
safeti,0.000290,0.000589
link,0.000694,0.000612
assign,0.000316,0.000330
faa,0.000189,0.000118
boston,0.000720,0.000895
under,0.000366,0.000542
disgust,0.000379,0.000118
estim,0.000215,0.000118
complaint,0.000846,0.000306
will,0.005707,0.008008
inform,0.000795,0.000542
las,0.000354,0.000636
awar,0.000189,0.000118
best,0.000846,0.003038
money,0.001086,0.000424
imaginedragon,0.000063,0.001201
but,0.000063,0.006524
nashvill,0.000240,0.000730
definit,0.000189,0.000518
wow,0.000391,0.000495
premium,0.000177,0.000306
term,0.000177,0.000118
csr,0.000152,0.000118
broke,0.000278,0.000118
babi,0.000328,0.000353
fact,0.000467,0.000118
search,0.000189,0.000118
elev,0.000063,0.000283
australia,0.000063,0.000353
would,0.004609,0.004404
our,0.005581,0.006029
jetblu,0.002033,0.006147
domest,0.000189,0.000447
disast,0.000227,0.000118
come,0.001641,0.001672
behind,0.000328,0.000118
his,0.000707,0.000824
unnecessari,0.000139,0.000118
or,0.004268,0.003580
black,0.000139,0.000259
washington,0.000063,0.000283
row,0.000745,0.000447
engin,0.000278,0.000118
usairwaysfail,0.000366,0.000118
sleep,0.000619,0.000330
client,0.000215,0.000118
daili,0.000063,0.000447
meet,0.000467,0.000259
plat,0.000139,0.000118
function,0.000164,0.000118
ft,0.000139,0.000259
brother,0.000215,0.000118
avgeek,0.000063,0.000612
visit,0.000063,0.000495
relat,0.000556,0.000400
lesson,0.000177,0.000118
lol,0.000316,0.000895
jacksonvill,0.000139,0.000118
bit,0.000278,0.000377
q,0.000063,0.000283
philli,0.000568,0.000471
choic,0.000366,0.000283
hit,0.000215,0.000306
away,0.000606,0.000754
ok,0.000619,0.001437
boy,0.000139,0.000118
look,0.001957,0.003250
coffe,0.000202,0.000118
absolut,0.000518,0.000471
somewher,0.000202,0.000118
work,0.003497,0.003227
submit,0.000391,0.000377
concern,0.000455,0.000400
complet,0.000846,0.000353
origin,0.000530,0.000495
advanc,0.000164,0.000259
peanut,0.000063,0.000259
passbook,0.000063,0.000659
combin,0.000063,0.000306
appal,0.000152,0.000118
rule,0.000253,0.000259
saturday,0.000215,0.000447
floor,0.000227,0.000118
far,0.000682,0.000730
price,0.000694,0.000565
dinner,0.000164,0.000118
contact,0.001162,0.000895
list,0.000404,0.000471
onboard,0.000202,0.000330
usairwayssuck,0.000164,0.000118
ripoff,0.000164,0.000118
equal,0.000164,0.000118
dull,0.000177,0.000118
pittsburgh,0.000152,0.000118
ignor,0.000328,0.000118
anyon,0.001300,0.000447
play,0.000303,0.000283
abl,0.000947,0.001248
hasnt,0.000429,0.000118
benefit,0.000139,0.000259
canada,0.000063,0.000259
pari,0.000063,0.000306
field,0.000063,0.000259
haha,0.000139,0.000659
receiv,0.001136,0.000871
lot,0.000859,0.000754
fraud,0.000189,0.000118
hundr,0.000227,0.000118
abov,0.000139,0.000400
bought,0.000455,0.000424
lax,0.000960,0.001201
although,0.000152,0.000259
realli,0.002917,0.001696
hello,0.000265,0.000447
admir,0.000164,0.000330
sea,0.000139,0.000306
lga,0.000505,0.000471
by,0.003674,0.002473
st,0.000972,0.001248
probabl,0.000366,0.000424
front,0.000404,0.000259
sorri,0.000985,0.000754
ice,0.000278,0.000447
dalla,0.000657,0.000942
volunt,0.000063,0.000259
hunt,0.000063,0.000306
from,0.000063,0.010763
appar,0.000480,0.000259
theyr,0.000505,0.000400
devic,0.000189,0.000118
destroy,0.000139,0.000118
elit,0.000177,0.000118
austin,0.000227,0.000636
minor,0.000164,0.000118
recent,0.000177,0.000330
solv,0.000202,0.000118
wont,0.002121,0.000518
softwar,0.000139,0.000118
anniversari,0.000063,0.000283
airplan,0.000316,0.000283
see,0.001768,0.003368
raleigh,0.000152,0.000118
ensur,0.000164,0.000118
sw,0.000404,0.000589
appeas,0.000063,0.000447
apolog,0.000960,0.000447
frustrat,0.001667,0.000447
like,0.003826,0.003533
base,0.000177,0.000377
reconsid,0.000152,0.000118
sweet,0.000063,0.000424
that,0.000063,0.010339
promot,0.000063,0.000353
airfar,0.000063,0.000306
ha,0.000063,0.000283
good,0.001894,0.003745
sna,0.000164,0.000118
low,0.000152,0.000283
chicago,0.000593,0.001036
biz,0.000177,0.000118
kudo,0.000063,0.000730
comp,0.000215,0.000118
couldnt,0.001212,0.000400
denver,0.000669,0.000848
while,0.000934,0.000612
tue,0.000177,0.000118
fire,0.000227,0.000118
loos,0.000164,0.000118
reach,0.000669,0.000306
conflict,0.000139,0.000118
break,0.000290,0.000283
without,0.001237,0.000400
commit,0.000164,0.000118
told,0.003093,0.000659
d,0.000164,0.000636
ici,0.000152,0.000118
ya,0.000139,0.000118
mint,0.000063,0.000447
inspir,0.000063,0.000283
thank,0.004924,0.000118
coupl,0.000177,0.000306
human,0.000720,0.000118
la,0.000316,0.000659
serious,0.001149,0.000400
made,0.001667,0.001978
merg,0.000265,0.000118
technic,0.000202,0.000118
piec,0.000164,0.000118
eta,0.000139,0.000118
baggag,0.002399,0.001036
standard,0.000177,0.000118
appli,0.000227,0.000518
posit,0.000189,0.000377
pretti,0.000429,0.000447
addit,0.000265,0.000259
what,0.000063,0.005535
smooth,0.000063,0.000400
run,0.000720,0.000801
funer,0.000303,0.000259
depart,0.000808,0.000848
space,0.000391,0.000353
staff,0.001730,0.001295
attent,0.000063,0.000306
whi,0.000063,0.001955
thankyou,0.000063,0.000400
aviat,0.000063,0.000259
rapid,0.000152,0.000259
agent,0.004444,0.001696
thru,0.000530,0.000542
fail,0.001780,0.000118
file,0.000556,0.000306
entertain,0.000328,0.000377
public,0.000253,0.000118
spoke,0.000391,0.000259
spiritairlin,0.000152,0.000118
etc,0.000215,0.000118
deliv,0.000593,0.000447
flyingitforward,0.000063,0.000400
finish,0.000177,0.000118
south,0.000139,0.000447
militari,0.000139,0.000306
stori,0.000341,0.000118
enter,0.000265,0.000330
ctl,0.000152,0.000118
sit,0.003144,0.000730
f,0.000240,0.000306
gg,0.000139,0.000118
idea,0.000556,0.000659
won,0.000063,0.000330
sjc,0.000063,0.000259
comfort,0.000063,0.000330
reimburs,0.000404,0.000259
arriv,0.001919,0.001013
stewardess,0.000177,0.000306
three,0.000859,0.000118
msg,0.000202,0.000118
thnx,0.000063,0.000330
night,0.001528,0.001036
alreadi,0.001679,0.001295
cell,0.000202,0.000118
pls,0.000631,0.000518
uncomfort,0.000164,0.000118
push,0.000354,0.000118
mother,0.000202,0.000118
set,0.000316,0.000589
exact,0.000278,0.000400
cc,0.000240,0.000283
wors,0.000821,0.000118
hold,0.000063,0.000942
philadelphia,0.000303,0.000118
letter,0.000404,0.000118
prevent,0.000189,0.000118
ask,0.001591,0.001060
texa,0.000139,0.000283
cun,0.000063,0.000283
republican,0.000063,0.000259
logan,0.000177,0.000118
dmd,0.000152,0.000377
joke,0.000682,0.000118
fair,0.000278,0.000283
fill,0.000391,0.000353
news,0.000189,0.000565
shuttl,0.000164,0.000118
unreli,0.000139,0.000118
batteri,0.000139,0.000118
americanairlin,0.000328,0.000259
design,0.000189,0.000118
midway,0.000063,0.000259
chat,0.000152,0.000118
unload,0.000152,0.000118
americanair,0.000745,0.001060
destinationdragon,0.000215,0.001743
interview,0.000177,0.000118
mani,0.000934,0.000966
famili,0.000808,0.000824
k,0.000568,0.000471
outsid,0.000227,0.000118
bdl,0.000164,0.000118
supervisor,0.000492,0.000283
brought,0.000063,0.000259
star,0.000063,0.000306
understaf,0.000202,0.000118
harder,0.000139,0.000118
afford,0.000202,0.000118
carri,0.000442,0.000707
crew,0.001944,0.002285
redeem,0.000227,0.000283
improv,0.000278,0.000306
hand,0.000366,0.000330
folk,0.000303,0.000400
some,0.001616,0.001790
pa,0.000152,0.000118
done,0.000985,0.001437
meal,0.000404,0.000259
anyway,0.000278,0.000377
ladi,0.000227,0.000471
dumb,0.000152,0.000118
storm,0.000404,0.000424
ground,0.000960,0.000565
attend,0.001351,0.001342
way,0.002790,0.003462
asap,0.000391,0.000424
formal,0.000139,0.000118
yo,0.000227,0.000259
cup,0.000063,0.000259
gear,0.000215,0.000118
outstand,0.000063,0.000400
honor,0.000303,0.000283
today,0.003384,0.003792
age,0.000189,0.000118
across,0.000189,0.000259
award,0.000391,0.000707
crash,0.000253,0.000118
hang,0.000972,0.000118
block,0.000139,0.000118
start,0.000947,0.001413
flew,0.000391,0.000542
ill,0.001300,0.001931
ppl,0.000391,0.000259
departur,0.000972,0.000707
mail,0.000189,0.000118
sf,0.000177,0.000118
disconnect,0.000745,0.000118
fll,0.000480,0.000589
confid,0.000139,0.000118
orlando,0.000240,0.000636
quick,0.000278,0.001295
six,0.000202,0.000118
central,0.000164,0.000118
pts,0.000139,0.000118
yr,0.000391,0.000353
stat,0.000063,0.000259
februari,0.000063,0.000306
sarcasm,0.000152,0.000118
carrier,0.000278,0.000118
phl,0.001023,0.000919
everyon,0.000922,0.000565
msp,0.000164,0.000118
abq,0.000063,0.000283
resch,0.000152,0.000118
again,0.004040,0.001625
world,0.000303,0.000801
plz,0.000316,0.000283
feel,0.000871,0.000518
voic,0.000152,0.000118
nj,0.000063,0.000283
unitedfail,0.000164,0.000118
alert,0.000240,0.000118
close,0.000657,0.000330
remov,0.000202,0.000118
cust,0.000644,0.000330
ty,0.000063,0.000330
deic,0.000253,0.000259
creat,0.000202,0.000118
n,0.000278,0.000377
manner,0.000177,0.000118
also,0.001250,0.001013
this,0.000063,0.009091
cheer,0.000063,0.000400
excit,0.000063,0.000636
head,0.000480,0.000659
memphi,0.000177,0.000118
huge,0.000316,0.000565
dirti,0.000189,0.000118
explain,0.000505,0.000353
failur,0.000354,0.000118
complain,0.000240,0.000306
nonstop,0.000227,0.000447
freak,0.000189,0.000118
bill,0.000152,0.000118
dont,0.005240,0.002143
octob,0.000063,0.000259
payment,0.000063,0.000259
main,0.000240,0.000118
replac,0.000240,0.000283
how,0.005846,0.004310
nexus,0.000152,0.000118
th,0.000556,0.001130
roundtrip,0.000063,0.000306
worstairlineev,0.000164,0.000118
center,0.000328,0.000118
somehow,0.000152,0.000118
southwestair,0.000682,0.001437
midnight,0.000227,0.000118
california,0.000063,0.000259
omg,0.000063,0.000424
whether,0.000063,0.000259
experi,0.002235,0.001083
prepar,0.000253,0.000118
ago,0.001300,0.000801
none,0.000303,0.000118
werent,0.000328,0.000118
lousi,0.000152,0.000118
sad,0.000568,0.000306
lbs,0.000164,0.000118
stood,0.000139,0.000118
compens,0.000821,0.000118
epic,0.000152,0.000118
no,0.000063,0.004404
standbi,0.000480,0.000495
rude,0.001793,0.000118
premier,0.000265,0.000353
tho,0.000215,0.000259
exp,0.000164,0.000118
onli,0.003182,0.002096
passeng,0.002184,0.001413
m,0.000152,0.000283
continu,0.000543,0.000353
text,0.000391,0.000118
pvd,0.000063,0.000330
journal,0.000063,0.000495
beauti,0.000063,0.000589
unprofession,0.000278,0.000118
prioriti,0.000391,0.000353
listen,0.000290,0.000424
ship,0.000139,0.000118
garbag,0.000177,0.000118
conf,0.000240,0.000377
defin,0.000152,0.000118
overhead,0.000354,0.000259
student,0.000139,0.000259
mobil,0.000316,0.000377
stick,0.000177,0.000118
aww,0.000063,0.000283
mean,0.000922,0.000754
access,0.000341,0.000565
forc,0.000593,0.000118
frequent,0.000253,0.000353
kind,0.000391,0.000495
earth,0.000139,0.000118
could,0.001970,0.002143
plus,0.000568,0.000565
ass,0.000189,0.000118
congrat,0.000139,0.000353
lhr,0.000063,0.000259
custom,0.000063,0.004027
greet,0.000063,0.000306
fort,0.000063,0.000306
delay,0.000063,0.002190
review,0.000152,0.000118
third,0.000265,0.000118
must,0.000341,0.000424
mad,0.000215,0.000306
unit,0.003561,0.002426
stuff,0.000290,0.000259
birthday,0.000253,0.000518
them,0.002437,0.001554
cmon,0.000177,0.000118
partner,0.000240,0.000118
jan,0.000177,0.000118
ladygaga,0.000063,0.000400
valid,0.000152,0.000118
glad,0.000417,0.000754
almost,0.001124,0.000377
thx,0.000593,0.001578
tv,0.000455,0.000353
fantast,0.000063,0.000565
guarante,0.000189,0.000118
pathet,0.000328,0.000118
t,0.000177,0.000330
go,0.005619,0.004310
accur,0.000164,0.000118
wsj,0.000063,0.000377
get,0.000063,0.010033
bostonlogan,0.000063,0.000259
lead,0.000063,0.000330
discount,0.000063,0.000518
flyfi,0.000063,0.000400
system,0.001932,0.000400
her,0.001604,0.001743
tablet,0.000139,0.000118
shit,0.000467,0.000118
rerout,0.000316,0.000283
thousand,0.000139,0.000118
san,0.000543,0.000895
then,0.003409,0.001507
blue,0.000354,0.000612
pm,0.001806,0.000871
rental,0.000227,0.000259
servic,0.000063,0.005464
via,0.000783,0.001342
difficult,0.000177,0.000118
simpl,0.000215,0.000118
dollar,0.000316,0.000118
click,0.000164,0.000118
valu,0.000152,0.000306
cabin,0.000354,0.000518
u,0.003131,0.002002
extra,0.001086,0.000495
ive,0.003687,0.001154
aug,0.000063,0.000259
nantucket,0.000063,0.000283
view,0.000063,0.000589
favorit,0.000063,0.000565
bonus,0.000063,0.000330
balanc,0.000063,0.000283
offic,0.000341,0.000353
hes,0.000240,0.000400
ourselv,0.000139,0.000118
tri,0.006048,0.002473
sale,0.000164,0.000283
nightmar,0.000328,0.000118
sat,0.000644,0.000283
pack,0.000152,0.000118
callback,0.000316,0.000118
feet,0.000177,0.000118
fit,0.000253,0.000118
suit,0.000063,0.000259
nyc,0.000619,0.000636
youd,0.000189,0.000330
form,0.000543,0.000353
status,0.000909,0.001036
outlet,0.000164,0.000118
print,0.000265,0.000118
ord,0.000871,0.000730
w,0.001692,0.000871
total,0.000581,0.000400
spend,0.000543,0.000118
pair,0.000063,0.000330
beach,0.000063,0.000353
hot,0.000063,0.000353
surgeri,0.000063,0.000259
hear,0.000530,0.000871
lame,0.000202,0.000118
phx,0.000543,0.000495
meant,0.000139,0.000118
befor,0.002008,0.001295
pdx,0.000063,0.000400
privat,0.000139,0.000118
remind,0.000177,0.000377
larg,0.000164,0.000118
all,0.005518,0.004169
effort,0.000152,0.000377
jax,0.000152,0.000118
io,0.000063,0.000306
wait,0.000063,0.002049
nasti,0.000202,0.000118
onc,0.000682,0.000589
shame,0.000366,0.000118
cs,0.000328,0.000118
mia,0.000366,0.000118
love,0.001023,0.005040
dia,0.000152,0.000283
less,0.000732,0.000353
member,0.000884,0.000683
refus,0.000631,0.000118
just,0.000063,0.008384
david,0.000063,0.000306
im,0.000063,0.005205
odd,0.000139,0.000118
alist,0.000164,0.000118
plenti,0.000265,0.000118
vacat,0.000846,0.000518
step,0.000354,0.000283
screen,0.000253,0.000118
place,0.000669,0.000447
easier,0.000139,0.000259
pend,0.000152,0.000118
extrem,0.000467,0.000283
issu,0.003068,0.001295
aus,0.000063,0.000259
waterburi,0.000063,0.000259
obvious,0.000227,0.000118
readi,0.000316,0.000589
insid,0.000227,0.000118
phoenix,0.000253,0.000377
confirm,0.001149,0.001484
street,0.000063,0.000542
rest,0.000177,0.000118
had,0.005126,0.002520
s,0.000379,0.000636
gt,0.000442,0.000400
wasnt,0.001035,0.000518
battl,0.000063,0.000518
cool,0.000467,0.000848
plane,0.000063,0.003203
blueman,0.000063,0.000306
digit,0.000063,0.000283
heat,0.000152,0.000118
hey,0.000606,0.000730
gate,0.005404,0.002756
caller,0.000139,0.000118
prove,0.000152,0.000118
yay,0.000063,0.000283
next,0.001806,0.002237
say,0.003333,0.001602
window,0.000366,0.000118
ball,0.000177,0.000259
pr,0.000177,0.000118
fix,0.001477,0.000589
girl,0.000063,0.000377
pictur,0.000063,0.000353
group,0.000492,0.000495
one,0.005581,0.003274
tomorrow,0.002235,0.003179
cx,0.000139,0.000118
hotel,0.001780,0.000495
liveri,0.000063,0.000306
enough,0.000783,0.000471
bunch,0.000152,0.000118
e,0.000202,0.000306
brand,0.000164,0.000306
companion,0.000215,0.000824
togeth,0.000657,0.000589
your,0.000063,0.010622
imagin,0.000063,0.000495
smile,0.000063,0.000377
jh,0.000063,0.000259
commerci,0.000063,0.000424
dept,0.000253,0.000118
unfortun,0.000417,0.000283
pic,0.000139,0.000283
man,0.000253,0.000400
abysm,0.000139,0.000118
blog,0.000063,0.000259
weve,0.000682,0.000471
mess,0.000556,0.000259
rather,0.000467,0.000330
dividend,0.000379,0.000306
paper,0.000189,0.000118
door,0.000480,0.000118
ipad,0.000063,0.000377
cost,0.000783,0.000565
minut,0.004002,0.000895
worri,0.000316,0.000919
winter,0.000215,0.000636
fare,0.000455,0.000683
velourl,0.000063,0.000306
auto,0.000278,0.000118
might,0.000707,0.000636
x,0.000455,0.000118
understood,0.000152,0.000118
bet,0.000164,0.000283
lmao,0.000063,0.000259
cle,0.000152,0.000118
carrieunderwood,0.000063,0.000424
shout,0.000063,0.000306
mdw,0.000063,0.000283
april,0.000063,0.000377
hour,0.000063,0.001460
notic,0.000341,0.000377
decent,0.000139,0.000118
tag,0.000404,0.000118
speak,0.001326,0.000471
personnel,0.000152,0.000118
hawaii,0.000063,0.000424
takeoff,0.000316,0.000118
saw,0.000189,0.000542
caus,0.000884,0.000447
quit,0.000189,0.000118
incompet,0.000442,0.000118
state,0.000379,0.000330
song,0.000063,0.000377
grand,0.000063,0.000259
pleasant,0.000152,0.000353
bullshit,0.000164,0.000118
paid,0.001149,0.000259
light,0.000215,0.000118
class,0.000909,0.001484
portland,0.000063,0.000283
cut,0.000366,0.000118
die,0.000215,0.000259
y,0.000215,0.000118
compani,0.000960,0.000542
spent,0.000631,0.000118
record,0.000442,0.000471
they,0.000063,0.003603
lauren,0.000063,0.000306
retriev,0.000063,0.000306
fam,0.000063,0.000259
njb,0.000063,0.000283
treatment,0.000202,0.000118
owe,0.000139,0.000118
cheap,0.000215,0.000259
realiz,0.000253,0.000259
find,0.001755,0.000942
call,0.000063,0.002073
straight,0.000215,0.000118
argu,0.000164,0.000118
write,0.000240,0.000259
eventu,0.000164,0.000306
youll,0.000240,0.000330
generic,0.000177,0.000118
lauderdal,0.000063,0.000283
dmed,0.000063,0.000447
result,0.000253,0.000118
choos,0.000316,0.000118
experienc,0.000341,0.000118
action,0.000202,0.000118
eye,0.000139,0.000283
up,0.000063,0.004122
dad,0.000063,0.000330
cuz,0.000177,0.000118
horrend,0.000164,0.000118
h,0.000227,0.000118
hadnt,0.000164,0.000118
safe,0.000227,0.000683
honeymoon,0.000189,0.000118
doesnt,0.001995,0.000707
fortunemagazin,0.000063,0.000400
john,0.000063,0.000259
bag,0.000063,0.002661
fan,0.000063,0.000589
scaveng,0.000063,0.000259
notif,0.000404,0.000118
trust,0.000227,0.000306
super,0.000278,0.000589
special,0.000189,0.000447
stand,0.000391,0.000118
period,0.000152,0.000118
biggest,0.000177,0.000118
post,0.000391,0.000424
hire,0.000366,0.000118
luv,0.000215,0.000683
rock,0.000139,0.001107
either,0.000442,0.000400
anytim,0.000063,0.000306
licens,0.000063,0.000259
excus,0.000417,0.000118
believ,0.000619,0.000471
gonna,0.000379,0.000306
keep,0.001679,0.001507
jack,0.000139,0.000118
we,0.000063,0.006712
do,0.000063,0.008997
confus,0.000240,0.000259
situat,0.000417,0.000400
p,0.000152,0.000353
he,0.001237,0.001295
should,0.003081,0.001790
includ,0.000227,0.000495
dead,0.000202,0.000118
stl,0.000063,0.000306
are,0.000063,0.007960
heathrow,0.000063,0.000283
fast,0.000063,0.000400
januari,0.000063,0.000259
loyalti,0.000177,0.000118
attempt,0.000328,0.000118
chair,0.000152,0.000118
compass,0.000189,0.000118
salt,0.000139,0.000118
cater,0.000316,0.000118
clt,0.000846,0.000777
scan,0.000164,0.000118
asham,0.000189,0.000118
poorservic,0.000189,0.000118
speed,0.000152,0.000118
select,0.000417,0.000330
summer,0.000063,0.000353
applic,0.000063,0.000283
rent,0.000227,0.000118
drive,0.000581,0.000471
robot,0.000139,0.000118
dc,0.000480,0.000730
ua,0.002159,0.001484
time,0.000063,0.005134
teen,0.000063,0.000259
atroci,0.000152,0.000118
miss,0.004520,0.001272
palm,0.000152,0.000283
atl,0.000316,0.000518
miami,0.000518,0.000471
damn,0.000290,0.000118
cheaper,0.000152,0.000259
partnership,0.000063,0.000259
diego,0.000177,0.000283
upcom,0.000063,0.000283
heart,0.000063,0.000306
fight,0.000215,0.000118
florida,0.000189,0.000259
son,0.000227,0.000471
detail,0.000379,0.000495
tell,0.002273,0.001178
fine,0.000455,0.000330
cmh,0.000177,0.000118
countri,0.000366,0.000306
mile,0.001515,0.001295
media,0.000328,0.000495
disgrac,0.000227,0.000118
southwest,0.000556,0.001413
crappi,0.000240,0.000118
market,0.000063,0.000424
process,0.000581,0.000447
jump,0.000202,0.000118
sfo,0.000783,0.001083
cloth,0.000480,0.000118
til,0.000164,0.000118
min,0.004407,0.000659
contest,0.000063,0.000330
prior,0.000177,0.000118
did,0.002917,0.002473
r,0.000316,0.000471
longer,0.000720,0.000353
worstcustomerservic,0.000152,0.000118
deep,0.000139,0.000118
deal,0.000694,0.001154
aadvantag,0.000063,0.000259
global,0.000139,0.000283
welcom,0.000063,0.000518
not,0.000063,0.005629
wish,0.000290,0.000777
current,0.000492,0.000848
own,0.000644,0.000377
transport,0.000227,0.000118
mr,0.000139,0.000118
point,0.001199,0.001036
flightlat,0.000732,0.000612
shock,0.000240,0.000118
advantag,0.000164,0.000283
medic,0.000164,0.000118
interest,0.000202,0.000330
employe,0.001237,0.000777
sick,0.000290,0.000118
among,0.000063,0.000353
cleveland,0.000139,0.000118
make,0.004078,0.003862
extend,0.000240,0.000118
pain,0.000215,0.000118
luggag,0.003093,0.000565
uk,0.000189,0.000377
appreci,0.000821,0.002496
selfi,0.000063,0.000353
disappoint,0.001654,0.000330
high,0.000391,0.000565
regard,0.000303,0.000283
hi,0.000366,0.001743
slow,0.000290,0.000118
regular,0.000139,0.000118
expect,0.000846,0.000730
winner,0.000063,0.000400
earli,0.000884,0.000777
appl,0.000063,0.000283
now,0.000063,0.004805
god,0.000202,0.000330
short,0.000316,0.000447
wouldv,0.000152,0.000118
perfect,0.000152,0.000353
may,0.000556,0.000777
havent,0.001136,0.000424
gotta,0.000189,0.000118
long,0.001717,0.001272
deplan,0.000316,0.000118
typic,0.000164,0.000118
chanc,0.000543,0.001272
badservic,0.000328,0.000118
consist,0.000278,0.000118
wall,0.000063,0.000754
enjoy,0.000227,0.000636
mech,0.000152,0.000118
horribl,0.001035,0.000259
decid,0.000265,0.000118
take,0.003434,0.002544
till,0.000215,0.000118
forgot,0.000253,0.000259
arrang,0.000063,0.000330
mileageplus,0.000202,0.000259
sju,0.000164,0.000118
expir,0.000341,0.000424
put,0.001604,0.000801
worker,0.000177,0.000118
expens,0.000316,0.000118
holder,0.000152,0.000259
help,0.000063,0.007537
got,0.003775,0.004004
breakfast,0.000063,0.000259
profession,0.000063,0.000400
allow,0.000871,0.000801
onto,0.000265,0.000118
especi,0.000278,0.000118
howev,0.000354,0.000118
slept,0.000164,0.000118
provid,0.000783,0.000871
trip,0.001869,0.002143
though,0.000732,0.001013
unfriendlyski,0.000189,0.000118
last,0.002929,0.001931
chang,0.004028,0.003462
met,0.000139,0.000353
differ,0.001199,0.000683
moment,0.000063,0.000353
iphon,0.000152,0.000400
cross,0.000278,0.000589
great,0.001073,0.005959
anywher,0.000303,0.000306
embarrass,0.000278,0.000118
alon,0.000253,0.000118
canadian,0.000139,0.000118
cxl,0.000139,0.000118
occur,0.000164,0.000118
has,0.004823,0.002308
year,0.001048,0.001696
els,0.000694,0.000330
crap,0.000227,0.000118
goe,0.000278,0.000447
over,0.004407,0.001295
warm,0.000063,0.000542
date,0.000341,0.000754
flytpa,0.000063,0.000330
hook,0.000063,0.000353
procedur,0.000177,0.000118
someth,0.000783,0.000824
land,0.001591,0.001437
pit,0.000164,0.000259
give,0.002247,0.001554
each,0.000568,0.000353
problem,0.002955,0.001790
weight,0.000177,0.000118
patienc,0.000240,0.000118
seattl,0.000164,0.000400
announc,0.000480,0.000542
everyth,0.000354,0.000824
correct,0.000467,0.000612
suicid,0.000063,0.000259
volum,0.000366,0.000118
youv,0.000644,0.000400
hell,0.000328,0.000118
lie,0.000631,0.000118
tech,0.000177,0.000118
ur,0.000846,0.000424
precheck,0.000164,0.000118
statement,0.000139,0.000118
deliveri,0.000265,0.000118
thing,0.001124,0.001154
which,0.001124,0.000542
redirect,0.000152,0.000118
mom,0.000303,0.000447
chairman,0.000215,0.000283
off,0.002790,0.001719
patient,0.000265,0.000118
gold,0.000366,0.000283
monday,0.000442,0.000612
august,0.000063,0.000353
report,0.000480,0.000330
besid,0.000139,0.000118
charact,0.000240,0.000118
resolv,0.000518,0.000447
piss,0.000240,0.000118
isnt,0.001187,0.000447
annoy,0.000316,0.000118
becaus,0.003712,0.000683
day,0.005707,0.002661
awesom,0.000278,0.002591
aa,0.002462,0.002167
multipl,0.000404,0.000118
brutal,0.000152,0.000118
malfunct,0.000164,0.000118
cri,0.000202,0.000118
there,0.005341,0.005252
respect,0.000189,0.000118
decis,0.000215,0.000118
app,0.001023,0.000966
us,0.006225,0.004946
veri,0.002260,0.002096
mark,0.000152,0.000330
inexcus,0.000152,0.000118
taken,0.000404,0.000495
back,0.004747,0.003674
aircraft,0.000391,0.000283
tire,0.000391,0.000118
immedi,0.000202,0.000118
den,0.000379,0.000518
termin,0.000568,0.000659
vega,0.000455,0.001413
social,0.000215,0.000518
redcarpet,0.000063,0.000259
schedul,0.000909,0.000848
poor,0.001174,0.000306
than,0.002588,0.001107
park,0.000240,0.000118
actual,0.001035,0.000730
same,0.001540,0.001083
their,0.002045,0.001248
traffic,0.000202,0.000118
okc,0.000152,0.000118
sun,0.000139,0.000283
ac,0.000177,0.000118
taxi,0.000265,0.000118
faster,0.000202,0.000118
reschedul,0.000896,0.000377
lose,0.001073,0.000118
held,0.000379,0.000259
perform,0.000164,0.000118
crazi,0.000492,0.000118
dm,0.001263,0.003580
strand,0.001187,0.000259
captain,0.000265,0.000306
sure,0.001490,0.001719
tarmac,0.001048,0.000118
think,0.001477,0.001578
four,0.000391,0.000118
hr,0.001439,0.000353
mon,0.000164,0.000118
model,0.000139,0.000118
parti,0.000164,0.000471
overnight,0.000391,0.000118
guy,0.003207,0.004051
leav,0.001932,0.001295
kp,0.000063,0.000283
queue,0.000227,0.000118
american,0.000606,0.000895
left,0.001540,0.001507
consid,0.000379,0.000306
drop,0.000644,0.000447
happi,0.000732,0.001083
board,0.003258,0.002308
absurd,0.000227,0.000118
york,0.000152,0.000118
question,0.000581,0.001130
ad,0.000391,0.000612
ind,0.000139,0.000118
initi,0.000152,0.000118
okay,0.000290,0.000589
first,0.002058,0.002544
hate,0.000606,0.000118
snow,0.000530,0.001248
indic,0.000189,0.000118
split,0.000152,0.000118
bird,0.000177,0.000400
slc,0.000164,0.000283
about,0.004659,0.003297
trueblu,0.000164,0.000353
ski,0.000189,0.000118
dure,0.000505,0.000683
exampl,0.000152,0.000306
mainten,0.000669,0.000118
offer,0.001225,0.001201
laptop,0.000152,0.000118
mechan,0.001023,0.000283
ontim,0.000139,0.000283
ruin,0.000606,0.000118
eastern,0.000063,0.000259
thought,0.000505,0.000636
doe,0.001604,0.001554
error,0.000808,0.000118
anoth,0.002778,0.001437
tsa,0.000417,0.000447
seem,0.001124,0.000518
neveragain,0.000404,0.000118
bday,0.000139,0.000353
houston,0.000619,0.000424
account,0.000846,0.000707
yell,0.000253,0.000118
carryon,0.000265,0.000118
side,0.000139,0.000259
amount,0.000177,0.000283
who,0.001818,0.001813
wednesday,0.000177,0.000330
book,0.004204,0.003933
pax,0.000177,0.000118
tix,0.000316,0.000424
bad,0.002096,0.000848
sky,0.000215,0.000353
due,0.002727,0.000801
club,0.000391,0.000636
care,0.001566,0.001107
act,0.000265,0.000118
regist,0.000164,0.000118
qualiti,0.000189,0.000118
these,0.000543,0.000754
itinerari,0.000328,0.000306
angri,0.000265,0.000118
drunk,0.000215,0.000118
recommend,0.000152,0.000118
general,0.000063,0.000283
figur,0.000568,0.000471
cours,0.000265,0.000424
card,0.000732,0.000942
unfriend,0.000152,0.000118
noon,0.000177,0.000118
seen,0.000366,0.000377
dfw,0.001212,0.001366
accept,0.000581,0.000447
came,0.000366,0.000306
late,0.004760,0.001248
runway,0.000745,0.000353
whatev,0.000152,0.000118
deserv,0.000152,0.000565
nobodi,0.000253,0.000118
pay,0.001995,0.000871
import,0.000227,0.000118
wife,0.000896,0.000589
unhappi,0.000341,0.000118
perk,0.000164,0.000118
va,0.000152,0.000118
much,0.001225,0.003274
tuesday,0.000379,0.000400
clue,0.000227,0.000118
america,0.000152,0.000400
infant,0.000202,0.000259
simpli,0.000215,0.000118
hostag,0.000164,0.000118
advertis,0.000189,0.000118
easili,0.000164,0.000118
game,0.000164,0.000353
wheel,0.000152,0.000283
control,0.000391,0.000306
suitcas,0.000328,0.000118
flyer,0.000492,0.000400
dog,0.000215,0.000118
somebodi,0.000189,0.000118
unitedsuck,0.000164,0.000118
carousel,0.000215,0.000118
whos,0.000139,0.000259
food,0.000783,0.000447
discuss,0.000189,0.000118
svc,0.000341,0.000118
legroom,0.000189,0.000118
ah,0.000139,0.000118
impress,0.000215,0.000589
charlott,0.000619,0.000565
sunday,0.000417,0.000518
worth,0.000341,0.000283
notcool,0.000152,0.000118
worst,0.002942,0.000118
courtesi,0.000253,0.000118
freez,0.000253,0.000118
anymor,0.000328,0.000259
win,0.000152,0.000659
item,0.000303,0.000400
finger,0.000177,0.000471
shouldnt,0.000505,0.000118
toward,0.000227,0.000118
shes,0.000253,0.000565
circl,0.000139,0.000118
ever,0.002563,0.001154
pbi,0.000189,0.000118
ridicul,0.001136,0.000118
let,0.002525,0.001790
respond,0.000884,0.000589
screw,0.000644,0.000118
real,0.000682,0.000306
order,0.000290,0.000353
matter,0.000379,0.000306
part,0.000379,0.000447
nc,0.000189,0.000283
offici,0.000253,0.000306
leg,0.000543,0.000471
stuck,0.002058,0.000400
rdu,0.000278,0.000424
even,0.003220,0.001602
outbound,0.000177,0.000118
epicfail,0.000202,0.000118
yea,0.000139,0.000259
father,0.000139,0.000118
corpor,0.000215,0.000353
ramp,0.000139,0.000118
west,0.000139,0.000259
know,0.002866,0.003980
degre,0.000177,0.000283
virgin,0.000189,0.000495
websit,0.001755,0.000659
type,0.000177,0.000306
forget,0.000215,0.000118
manag,0.000556,0.000283
prompt,0.000152,0.000447
shouldv,0.000189,0.000118
downgrad,0.000152,0.000118
disappear,0.000202,0.000118
flightr,0.001881,0.000377
becom,0.000177,0.000400
info,0.001326,0.001107
except,0.000379,0.000400
kiosk,0.000164,0.000118
flightat,0.000328,0.000118
right,0.001768,0.001884
feb,0.000341,0.000471
citi,0.000631,0.000447
laguardia,0.000164,0.000118
stop,0.001162,0.000589
suggest,0.000417,0.000424
were,0.003510,0.002379
unitedairlin,0.000556,0.000330
spring,0.000164,0.000306
live,0.000518,0.000589
rd,0.000379,0.000259
sell,0.000278,0.000259
respons,0.001957,0.001861
onlin,0.002058,0.000942
sign,0.000391,0.000424
better,0.001679,0.001272
rip,0.000177,0.000118
automat,0.000164,0.000306
prefer,0.000379,0.000259
number,0.002159,0.002167
size,0.000189,0.000118
gotten,0.000265,0.000118
futur,0.000354,0.000518
add,0.000581,0.001201
practic,0.000189,0.000118
unless,0.000189,0.000118
yyz,0.000202,0.000118
flt,0.001528,0.000966
sens,0.000429,0.000118
snack,0.000177,0.000424
jfk,0.001578,0.001413
london,0.000177,0.000118
sincer,0.000177,0.000118
buf,0.000164,0.000118
chi,0.000139,0.000118
stole,0.000139,0.000118
nd,0.000606,0.000377
fee,0.001061,0.000942
bus,0.000265,0.000118
send,0.001061,0.001319
cold,0.000265,0.000542
sooner,0.000139,0.000283
amp,0.005997,0.003957
re,0.000341,0.000306
buy,0.000530,0.000518
affect,0.000152,0.000306
touch,0.000189,0.000424
shitti,0.000189,0.000118
despit,0.000278,0.000495
amaz,0.000253,0.002190
incred,0.000253,0.000400
vs,0.000139,0.000118
fleek,0.000455,0.002944
bug,0.000139,0.000118
drove,0.000177,0.000118
connect,0.003169,0.001649
reflight,0.000518,0.000495
useless,0.000354,0.000118
husband,0.000366,0.000353
english,0.000164,0.000118
save,0.000240,0.000636
guitar,0.000177,0.000118
resolut,0.000215,0.000306
elsewher,0.000152,0.000118
strike,0.000152,0.000118
instead,0.000922,0.000777
btw,0.000189,0.000471
given,0.000720,0.000306
approv,0.000152,0.000118
flts,0.000177,0.000118
address,0.000492,0.000589
atlanta,0.000177,0.000754
program,0.000290,0.000400
near,0.000316,0.000306
usair,0.000543,0.000400
am,0.004949,0.003792
two,0.002235,0.001248
through,0.001982,0.001554
if,0.005076,0.005228
disrespect,0.000202,0.000118
child,0.000215,0.000495
few,0.000379,0.000966
understand,0.001250,0.000659
charg,0.001503,0.000636
id,0.000896,0.001107
ahold,0.000139,0.000118
where,0.001818,0.001201
troubl,0.000429,0.000259
inconveni,0.000581,0.000118
terribl,0.001351,0.000259
job,0.000556,0.001248
coat,0.000152,0.000118
ticket,0.003119,0.003603
knew,0.000404,0.000118
woman,0.000215,0.000118
previous,0.000265,0.000118
warn,0.000164,0.000118
empti,0.000556,0.000283
economi,0.000202,0.000118
known,0.000202,0.000118
excel,0.000139,0.000659
doubl,0.000215,0.000118
fyi,0.000202,0.000283
ran,0.000177,0.000118
twitter,0.000568,0.000989
refund,0.001856,0.000966
load,0.000720,0.000118
receipt,0.000265,0.000353
doubt,0.000189,0.000118
yrs,0.000139,0.000118
hope,0.001856,0.002449
counter,0.000556,0.000259
happen,0.001654,0.000966
exit,0.000240,0.000118
certain,0.000265,0.000259
frozen,0.000215,0.000118
code,0.000265,0.000447
loyal,0.000556,0.000424
wast,0.000707,0.000118
yesterday,0.001124,0.000636
cab,0.000240,0.000118
full,0.000985,0.000424
unaccept,0.001162,0.000118
car,0.000745,0.000471
well,0.001540,0.002285
spoken,0.000164,0.000118
onhold,0.000139,0.000118
jetway,0.000253,0.000118
weekend,0.000253,0.000589
separ,0.000177,0.000283
wrote,0.000139,0.000118
site,0.000947,0.000707
lock,0.000139,0.000118
read,0.000366,0.000542
death,0.000139,0.000306
fund,0.000227,0.000118
follow,0.000770,0.003439
pre,0.000164,0.000259
aw,0.000808,0.000259
inbound,0.000177,0.000118
compar,0.000139,0.000118
as,0.004268,0.003674
exist,0.000303,0.000259
nothappi,0.000240,0.000118
vx,0.000152,0.000259
share,0.000391,0.000777
peopl,0.003068,0.001248
wout,0.000177,0.000118
sort,0.000278,0.000353
wifi,0.001250,0.000801
zone,0.000139,0.000118
liter,0.000354,0.000259
school,0.000139,0.000330
stupid,0.000164,0.000118
red,0.000152,0.000283
went,0.000657,0.000612
ref,0.000139,0.000118
myself,0.000328,0.000330
prob,0.000177,0.000118
around,0.000669,0.000447
rep,0.001389,0.000565
res,0.000164,0.000283
unbeliev,0.000290,0.000118
mistak,0.000316,0.000283
goodwil,0.000139,0.000118
juan,0.000152,0.000283
ahead,0.000202,0.000259
cowboycerron,0.000152,0.000118
honest,0.000316,0.000118
ceo,0.000189,0.000919
trap,0.000152,0.000118
begin,0.000227,0.000306
loung,0.000227,0.000589
hous,0.000189,0.000118
event,0.000164,0.000353
confer,0.000152,0.000118
bummer,0.000139,0.000118
flightd,0.000278,0.000283
travel,0.002803,0.003698
non,0.000366,0.000118
parent,0.000177,0.000118
nor,0.000164,0.000118
flightl,0.005783,0.001578
idiot,0.000202,0.000118
sent,0.001275,0.002214
mexico,0.000189,0.000377
emerg,0.000215,0.000330
airport,0.003308,0.002567
answer,0.002210,0.000518
comput,0.000657,0.000283
weather,0.002816,0.002049
jet,0.000455,0.000612
tweet,0.000934,0.001295
often,0.000139,0.000283
furious,0.000139,0.000118
more,0.003788,0.002426
bwi,0.000366,0.000518
morn,0.001174,0.001837
fleet,0.000480,0.002897
solut,0.000303,0.000118
unabl,0.000429,0.000118
road,0.000164,0.000118
cannot,0.000619,0.000283
suppos,0.001199,0.000495
email,0.002538,0.002120
track,0.000341,0.000330
waiv,0.000215,0.000118
soon,0.000429,0.000989
rr,0.000139,0.000330
updat,0.001730,0.001248
switch,0.000694,0.000447
upset,0.000518,0.000118
pray,0.000139,0.000118
most,0.000821,0.000589
earlier,0.000694,0.001083
iad,0.000492,0.000659
throw,0.000202,0.000118
unus,0.000164,0.000118
reserv,0.002285,0.001743
skill,0.000152,0.000118
weak,0.000139,0.000118
approach,0.000139,0.000118
handler,0.000189,0.000118
staf,0.000139,0.000118
advisori,0.000164,0.000518
need,0.005960,0.005040
along,0.000202,0.000283
tonight,0.001149,0.001813
never,0.003535,0.001083
paperwork,0.000164,0.000118
voucher,0.001300,0.000801
final,0.001199,0.001460
blame,0.000379,0.000118
air,0.001225,0.001248
ny,0.000328,0.000118
broken,0.000846,0.000118
notifi,0.000379,0.000259
repres,0.000290,0.000330
fuck,0.000631,0.000118
refuel,0.000139,0.000118
profit,0.000227,0.000118
young,0.000139,0.000118
didnt,0.002172,0.001060
name,0.000745,0.001484
damag,0.000366,0.000118
usa,0.000139,0.000377
explan,0.000366,0.000118
nah,0.000152,0.000118
inflight,0.000316,0.000565
assist,0.000783,0.000683
serv,0.000391,0.000283
still,0.006073,0.002261
frm,0.000189,0.000118
delta,0.000707,0.000659
per,0.000278,0.000118
open,0.000884,0.001248
guess,0.000682,0.000447
tough,0.000177,0.000118
alway,0.000783,0.001319
arent,0.000606,0.000283
move,0.000884,0.000707
use,0.002298,0.002708
coach,0.000227,0.000283
insult,0.000227,0.000118
down,0.001187,0.001060
stink,0.000152,0.000118
pick,0.000808,0.000636
nope,0.000391,0.000118
spot,0.000164,0.000118
million,0.000177,0.000118
busi,0.001730,0.000895
walk,0.000316,0.000118
featur,0.000164,0.000118
reason,0.000985,0.000589
rt,0.000391,0.001672
five,0.000189,0.000118
fuel,0.000227,0.000118
accord,0.000227,0.000118
movi,0.000164,0.000118
watch,0.000518,0.000636
return,0.000896,0.000824
unavail,0.000177,0.000118
ineffici,0.000139,0.000118
week,0.001742,0.001531
pilot,0.001263,0.001154
major,0.000290,0.000118
twice,0.000846,0.000118
transact,0.000164,0.000118
kick,0.000189,0.000118
messag,0.000896,0.000659
dealt,0.000139,0.000118
easi,0.000290,0.000589
earn,0.000265,0.000353
buffalo,0.000189,0.000118
tampa,0.000189,0.000259
direct,0.000934,0.001083
misplac,0.000152,0.000118
learn,0.000467,0.000306
phone,0.004924,0.001531
beat,0.000139,0.000330
aircanada,0.000139,0.000118
bna,0.000316,0.000283
avail,0.001300,0.000919
between,0.000442,0.000447
east,0.000139,0.000283
cancun,0.000152,0.000118
ba,0.000139,0.000118
note,0.000379,0.000377
fli,0.005151,0.006759
water,0.000455,0.000118
least,0.000972,0.000447
want,0.003119,0.002214
appear,0.000240,0.000306
exec,0.000164,0.000118
iah,0.000505,0.000424
mke,0.000152,0.000118
worthless,0.000139,0.000118
reward,0.000253,0.000330
sinc,0.001957,0.000707
fun,0.000316,0.000447
oscar,0.000278,0.000471
express,0.000202,0.000118
valuabl,0.000139,0.000118
belong,0.000164,0.000118
wrong,0.000922,0.000353
forward,0.000265,0.000919
effici,0.000164,0.000118
new,0.001755,0.003132
train,0.000543,0.000118
virginamerica,0.000164,0.000636
month,0.000732,0.000895
treat,0.000884,0.000400
eat,0.000240,0.000118
kept,0.000328,0.000118
ugh,0.000265,0.000118
those,0.000619,0.000966
home,0.002487,0.002496
turn,0.000606,0.000353
heard,0.000606,0.000424
bc,0.001124,0.000377
kill,0.000278,0.000118
yep,0.000189,0.000259
flier,0.000152,0.000283
march,0.000139,0.000565
nice,0.000934,0.001696
imposs,0.000316,0.000118
hrs,0.003750,0.000353
second,0.000505,0.000730
felt,0.000164,0.000118
rememb,0.000265,0.000118
both,0.000657,0.000683
middl,0.000366,0.000377
oper,0.000480,0.000471
otherwis,0.000177,0.000118
terri,0.000063,0.000283
metal,0.000063,0.000259
dal,0.000063,0.000400
drink,0.000354,0.000471
silver,0.000164,0.000259
requir,0.000265,0.000330
upgrad,0.001086,0.001531
rout,0.000354,0.000895
ride,0.000227,0.000447
autom,0.000556,0.000118
level,0.000227,0.000118
ani,0.003018,0.004757
forev,0.000215,0.000118
music,0.000164,0.000353
danc,0.000063,0.000259
littl,0.000631,0.000659
truli,0.000177,0.000283
incorrect,0.000152,0.000118
talk,0.001427,0.000636
disorgan,0.000152,0.000118
promo,0.000063,0.000424
can,0.000063,0.011423
anyth,0.001250,0.000989
small,0.000316,0.000306
mention,0.000328,0.000118
end,0.000682,0.000659
room,0.000682,0.000330
shoutout,0.000063,0.000259
sunni,0.000063,0.000259
wheelchair,0.000189,0.000118
